term,beta,se,p,ci_low,ci_high,model,q,reject_fdr
pre_rest_tcc,-0.012386988523734238,0.06399264070879401,0.8465134095124711,-0.13781025958858223,0.11303628254111375,H1:delta_tcc_cog_on_pre_rest_tcc,0.8465134095124711,False
age_0,0.003074980333838756,0.026544740142121475,0.9077782247829861,-0.048951754323693975,0.05510171499137148,H1:delta_tcc_cog_on_pre_rest_tcc,,
sex_bin,-0.21019372038688666,0.6209574353216911,0.7349868778234805,-1.4272479295497613,1.006860488775988,H1:delta_tcc_cog_on_pre_rest_tcc,,
pre_stand_ucc,-0.3029250397454196,0.07866038492564208,0.00011761269874047437,-0.45709656120973546,-0.14875351828110378,H1:delta_ucc_walk_stand_on_pre_stand_ucc,0.00035283809622142315,True
age_0,0.047433501720170176,0.039073121140571536,0.22476011025196352,-0.029148408478920626,0.12401541191926098,H1:delta_ucc_walk_stand_on_pre_stand_ucc,,
sex_bin,0.5666667064017015,1.429872467612672,0.6918794726217319,-2.2358318326045508,3.3691652454079533,H1:delta_ucc_walk_stand_on_pre_stand_ucc,,
pre_rest_pisa,-0.06626095797659419,0.0713991381923093,0.3533889876582105,-0.20620069736071867,0.0736787814075303,H1:delta_pisa_walk_rest_on_pre_rest_pisa,0.5300834814873158,False
age_0,0.004111455992189225,0.005280844543493705,0.43623876382835935,-0.0062388091210133,0.01446172110539175,H1:delta_pisa_walk_rest_on_pre_rest_pisa,,
sex_bin,0.04492533678447026,0.09176315078087169,0.6244316452940584,-0.13492713385395677,0.22477780742289732,H1:delta_pisa_walk_rest_on_pre_rest_pisa,,
