model,n,formula,term,beta,se,p,ci_low,ci_high,q,reject_fdr
H3_secondary_tmt_a,99,delta_tcc_cog ~ tmt_a + age_0 + sex_bin,tmt_a,0.006167964067268731,0.022491962827916993,0.7839081105217615,-0.03791547301706224,0.0502514011515997,0.8900576007724382,False
H3_secondary_tmt_b,97,delta_tcc_cog ~ tmt_b + age_0 + sex_bin,tmt_b,0.0060962896083738664,0.005271021045468038,0.24744926388406585,-0.0042347218024961514,0.016427301019243883,0.8900576007724382,False
H3_secondary_tmt_a_chyby,99,delta_tcc_cog ~ tmt_a_chyby + age_0 + sex_bin,tmt_a_chyby,-0.13143897027792772,0.57899790898365,0.8204150866732163,-1.2662540190098819,1.0033760784540264,0.8900576007724382,False
H3_secondary_tmt_b_chyby,97,delta_tcc_cog ~ tmt_b_chyby + age_0 + sex_bin,tmt_b_chyby,0.029578614603161517,0.21397910418183577,0.8900576007724382,-0.3898127230373807,0.44896995224370373,0.8900576007724382,False
H3_secondary_jolo,85,delta_tcc_cog ~ jolo + age_0 + sex_bin,jolo,-0.04699944238121846,0.08925104219219664,0.5984726094350181,-0.22192827066058868,0.12792938589815173,0.8900576007724382,False
