outcome,n,formula,term,beta,se,p,ci_low,ci_high
delta_tcc_cog,99,delta_tcc_cog ~ C(group) + age_0 + sex_bin,C(group)[T.PIGD],1.0531826964279762,0.8559141472211835,0.2185185240345593,-0.624378205983857,2.730743598839809
delta_tcc_cog,99,delta_tcc_cog ~ C(group) + age_0 + sex_bin,C(group)[T.TD],0.1860338380204849,0.6873329000408827,0.7866521913218729,-1.1611138914491141,1.533181567490084
delta_ucc_walk_stand,98,delta_ucc_walk_stand ~ C(group) + age_0 + sex_bin,C(group)[T.PIGD],-1.0554504394818385,1.1201734740164362,0.3460797473373898,-3.2509501049911673,1.1400492260274904
delta_ucc_walk_stand,98,delta_ucc_walk_stand ~ C(group) + age_0 + sex_bin,C(group)[T.TD],-2.392888139614734,1.0619477261921515,0.02424016095946703,-4.474267436415554,-0.31150884281391455
delta_pisa_walk_rest,100,delta_pisa_walk_rest ~ C(group) + age_0 + sex_bin,C(group)[T.PIGD],0.004177474715365573,0.13733678191864784,0.9757338958212263,-0.2649976715978159,0.273352621028547
delta_pisa_walk_rest,100,delta_pisa_walk_rest ~ C(group) + age_0 + sex_bin,C(group)[T.TD],-0.08263971592856793,0.14425471702188952,0.5667302955308475,-0.3653737658914885,0.20009433403435262
