model,term,beta,se,p,ci_low,ci_high
H5_sex_x_group_on_delta_ucc,C(group)[T.PIGD]:sex_bin,-1.2103693460767317,2.9272617674075163,0.6792536837739553,-6.947696983516528,4.526958291363065
H5_sex_x_group_on_delta_ucc,C(group)[T.TD]:sex_bin,0.8205843016640096,2.829711921297671,0.7718249310470879,-4.725549150703066,6.366717754031085
