endpoint,test,n,mean,sd,median,iqr,statistic,p,normality_shapiro_p,rank_biserial,p,q,reject_fdr
delta_tcc_cog,wilcoxon_signed_rank,99,-0.6372020202020202,2.817985801805884,-0.6379999999999999,3.0910000000000006,1672.0,0.005067636145567437,0.0004718762501073171,-0.3244444444444444,0.005067636145567437,0.007025172019331305,True
delta_ucc_walk_stand,wilcoxon_signed_rank,98,1.0329285714285712,4.5226220276687545,1.404,4.680749999999998,1639.0,0.005319465401690467,0.0002826798352761078,0.3242630385487528,0.005319465401690467,0.007025172019331305,True
delta_pisa_walk_rest,wilcoxon_signed_rank,100,0.13778,0.5236259861134981,0.098,0.5315000000000001,1741.0,0.007025172019331305,0.023579963587575685,0.3104950495049505,0.007025172019331305,0.007025172019331305,True
